﻿<parameters>
  <parameter name="IIS Web Application Name" defaultValue="Default Web Site/CreditCheckService" tags="IisApp">
    <parameterEntry kind="ProviderPath" scope="IisApp" match="^F:\\FairSailTest\\Code\\LoanAPoundCreditCheckService\\obj\\Release\\Package\\PackageTmp$" />
    <parameterEntry kind="ProviderPath" scope="setAcl" match="^F:\\FairSailTest\\Code\\LoanAPoundCreditCheckService\\obj\\Release\\Package\\PackageTmp$" />
  </parameter>
  <parameter name="Add write permission to App_Data Folder" description="Add write permission to App_Data folder" defaultValue="{IIS Web Application Name}/App_Data" tags="Hidden">
    <parameterEntry kind="ProviderPath" scope="setAcl" match="^F:\\FairSailTest\\Code\\LoanAPoundCreditCheckService\\obj\\Release\\Package\\PackageTmp\\App_Data$" />
  </parameter>
  <parameter name="DefaultConnection-Web.config Connection String" defaultValue="Data Source=|DataDirectory|\LoanAPound.sdf">
    <parameterEntry kind="XmlFile" scope="F:\\FairSailTest\\Code\\LoanAPoundCreditCheckService\\obj\\Release\\Package\\PackageTmp\\Web\.config$" match="/configuration/connectionStrings/add[@name='DefaultConnection']/@connectionString" />
  </parameter>
  <parameter name="LoanAPoundDataEntities-Web.config Connection String" defaultValue="metadata=res://*/Models.CreditCheckSrvDataAccessModel.csdl|res://*/Models.CreditCheckSrvDataAccessModel.ssdl|res://*/Models.CreditCheckSrvDataAccessModel.msl;provider=System.Data.SqlServerCe.4.0;provider connection string=&quot;data source=|DataDirectory|\LoanAPound.sdf&quot;">
    <parameterEntry kind="XmlFile" scope="F:\\FairSailTest\\Code\\LoanAPoundCreditCheckService\\obj\\Release\\Package\\PackageTmp\\Web\.config$" match="/configuration/connectionStrings/add[@name='LoanAPoundDataEntities']/@connectionString" />
  </parameter>
</parameters>